{"cameraMode":{"drawMode":0,"name":"Shaded","section":"Shading Mode"},"sceneLighting":true,"audioPlay":false,"sceneViewState":{"m_AlwaysRefresh":false,"showFog":true,"showSkybox":true,"showFlares":true,"showImageEffects":true,"showParticleSystems":true,"showVisualEffectGraphs":true,"m_FxEnabled":true},"in2DMode":false,"pivot":{"x":-5.1725053787231449,"y":4.651395797729492,"z":3.3054909706115724},"rotation":{"x":-0.25324180722236636,"y":0.07449478656053543,"z":-0.019562944769859315,"w":-0.964333176612854},"size":17.721960067749025,"orthographic":false}