{"cameraMode":{"drawMode":0,"name":"Shaded","section":"Shading Mode"},"sceneLighting":true,"audioPlay":false,"sceneViewState":{"m_AlwaysRefresh":false,"showFog":true,"showSkybox":true,"showFlares":true,"showImageEffects":true,"showParticleSystems":true,"showVisualEffectGraphs":true,"m_FxEnabled":true},"in2DMode":false,"pivot":{"x":16.726886749267579,"y":-80.68162536621094,"z":78.91057586669922},"rotation":{"x":0.37009140849113467,"y":0.19755274057388307,"z":-0.08097340166568756,"w":0.9042438864707947},"size":66.33660888671875,"orthographic":false}