{"cameraMode":{"drawMode":0,"name":"Shaded","section":"Shading Mode"},"sceneLighting":true,"audioPlay":false,"sceneViewState":{"m_AlwaysRefresh":false,"showFog":true,"showSkybox":true,"showFlares":true,"showImageEffects":true,"showParticleSystems":true,"showVisualEffectGraphs":true,"m_FxEnabled":true},"in2DMode":false,"pivot":{"x":-8.468406677246094,"y":21.761516571044923,"z":-24.136613845825197},"rotation":{"x":-0.12977127730846406,"y":0.10006311535835266,"z":-0.013164550997316838,"w":-0.9863962531089783},"size":2.70739483833313,"orthographic":false}